{
  "site1": {
    "shown": 24,
    "ctr": 0.27841870908877986,
    "cti": 0.34553503941259045,
    "ctb": 0.09523809523809523
  },
  "site2": {
    "shown": 41,
    "ctr": 0.25,
    "cti": 0.1,
    "ctb": 0.05
  },
  "site3": {
    "shown": 53,
    "ctr": 0.2887860448558206,
    "cti": 0.19622641509433963,
    "ctb": 0.1
  },
  "site4": {
    "shown": 10,
    "ctr": 0.72,
    "cti": 0.5,
    "ctb": 0.3
  },
  "site5": {
    "shown": 73,
    "ctr": 0.3195956673781998,
    "cti": 0.1597978336890999,
    "ctb": 0.09861111111111112
  }
}